{
    "loss": 0.62163907289505,
    "accuracy": 0.8776978254318237
}