{
    "loss": 21.74380874633789,
    "accuracy": 0.5179855823516846
}