{
    "loss": 0.3295517861843109,
    "accuracy": 0.9208633303642273
}